{
  "description": "Delete record then notify record owner",
  "label": "Delete And Notify",
  "category": "External",
  "icon": {
    "color": "Orange",
    "name": "AtIcon"
  },
  "options": [
    {
      "meta": {
        "type": "Record",
        "validations": {
          "required": true
        },
        "additional": {
          "model": ["name"]
        }
      },
      "name": "record",
      "label": "Record",
      "info": "The record to delete"
    },

    {
      "meta": {
        "type": "Text"
      },
      "name": "fields",
      "label": "Fragment Fields",
      "info": "Enter each record property and a space after each.",
      "advanced": false,
      "configuration": {
        "placeholder": "id name email"
      }
    },

    {
      "meta": {
        "type": "Text"
      },
      "name": "host",
      "label": "Hostname",
      "info": "The hostname of the SMTP server you want to use",
      "advanced": false,
      "configuration": {
        "placeholder": "smtp.flowmailer.net"
      }
    },
    {
      "meta": {
        "type": "Number"
      },
      "name": "port",
      "label": "Port",
      "info": "The port number of the SMTP server you want to use",
      "advanced": false,
      "configuration": {
        "placeholder": "587"
      }
    },
    {
      "meta": {
        "type": "Text"
      },
      "name": "username",
      "label": "Username",
      "info": "The username of the SMTP server you want to use",
      "advanced": false,
      "configuration": {
        "placeholder": ""
      }
    },
    {
      "meta": {
        "type": "Text"
      },
      "name": "password",
      "label": "Password",
      "info": "The password of the SMTP server you want to use",
      "advanced": false,
      "configuration": {
        "placeholder": "******"
      }
    },
    {
      "meta": {
        "type": "Boolean"
      },
      "name": "secure",
      "label": "Secure?",
      "info": "if true the connection will use TLS when connecting to server. If false (the default) then TLS is used if server supports the STARTTLS extension. In most cases set this value to true if you are connecting to port 465. For port 587 or 25 keep it false",
      "advanced": false
    },
    {
      "meta": {
        "type": "Text"
      },
      "name": "senderEmail",
      "label": "Sender E-mail",
      "info": "The email address of the sender",
      "advanced": false
    },
    {
      "meta": {
        "type": "Text"
      },
      "name": "senderName",
      "label": "Sender Name",
      "info": "The display name of the sender",
      "advanced": false
    },
    {
      "meta": {
        "type": "Text"
      },
      "name": "toEmail",
      "label": "Recipient",
      "info": "The email address of the recipient",
      "advanced": false
    },
    {
      "meta": {
        "type": "Text"
      },
      "name": "toName",
      "label": "Recipient name",
      "info": "The name of the recipient",
      "advanced": false
    },
    {
      "meta": {
        "type": "Text"
      },
      "name": "subject",
      "label": "Subject",
      "info": "The subject of the email",
      "advanced": false
    },
    {
      "meta": {
        "type": "MultilineText"
      },
      "name": "body",
      "label": "Body Template",
      "info": "The HTML body of the email",
      "advanced": false
    },
    {
      "name": "result",
      "label": "Result",
      "meta": {
        "type": "Output",
        "output": {
          "type": "Text"
        }
      }
    }
  ],
  "yields": "NONE"
}
